well_ID,Reaction_ID,analyte_smiles,analyte_class,data_entry,data_type,data_units,data_description
A1,SOCS2A-478-RP3573-0,Cc1cc(-c2ccc(O)cc2C)n[nH]1,desired product,1.158,Retention Time,min,Time at which compound elutes
A1,SOCS2A-478-RP3573-0,Cc1cc(-c2ccc(O)cc2C)n[nH]1,desired product,189.0,ES+,Da/Q,Positive m/z
A1,SOCS2A-478-RP3573-0,Cc1cc(-c2ccc(O)cc2C)n[nH]1,desired product,-,ES-,Da/Q,Negative m/z
A1,SOCS2A-478-RP3573-0,Cc1cc(-c2ccc(O)cc2C)n[nH]1,desired product,8.616,Percentage Area,%,LCMS UV Peak percentage area
A1,SOCS2A-478-RP3573-0,Cc1cc(-c2ccc(O)cc2C)n[nH]1,desired product,130077.0,Area Absolute,AU,LCMS UV Peak absolute area
A1,SOCS2A-478-RP3573-0,Impurity1,impurity,1.475,Retention Time,min,Time at which compound elutes
A1,SOCS2A-478-RP3573-0,Impurity1,impurity,0,ES+,Da/Q,Positive m/z
A1,SOCS2A-478-RP3573-0,Impurity1,impurity,0,ES-,Da/Q,Negative m/z
A1,SOCS2A-478-RP3573-0,Impurity1,impurity,0.397,Percentage Area,%,LCMS UV Peak percentage area
A1,SOCS2A-478-RP3573-0,Impurity1,impurity,6001.0,Area Absolute,AU,LCMS UV Peak absolute area
A1,SOCS2A-478-RP3573-0,Impurity2,impurity,1.564,Retention Time,min,Time at which compound elutes
A1,SOCS2A-478-RP3573-0,Impurity2,impurity,0,ES+,Da/Q,Positive m/z
A1,SOCS2A-478-RP3573-0,Impurity2,impurity,0,ES-,Da/Q,Negative m/z
A1,SOCS2A-478-RP3573-0,Impurity2,impurity,1.31,Percentage Area,%,LCMS UV Peak percentage area
A1,SOCS2A-478-RP3573-0,Impurity2,impurity,19778.0,Area Absolute,AU,LCMS UV Peak absolute area
A1,SOCS2A-478-RP3573-0,Impurity3,impurity,1.703,Retention Time,min,Time at which compound elutes
A1,SOCS2A-478-RP3573-0,Impurity3,impurity,0,ES+,Da/Q,Positive m/z
A1,SOCS2A-478-RP3573-0,Impurity3,impurity,0,ES-,Da/Q,Negative m/z
A1,SOCS2A-478-RP3573-0,Impurity3,impurity,0.544,Percentage Area,%,LCMS UV Peak percentage area
A1,SOCS2A-478-RP3573-0,Impurity3,impurity,8206.0,Area Absolute,AU,LCMS UV Peak absolute area
A1,SOCS2A-478-RP3573-0,Impurity4,impurity,1.748,Retention Time,min,Time at which compound elutes
A1,SOCS2A-478-RP3573-0,Impurity4,impurity,0,ES+,Da/Q,Positive m/z
A1,SOCS2A-478-RP3573-0,Impurity4,impurity,0,ES-,Da/Q,Negative m/z
A1,SOCS2A-478-RP3573-0,Impurity4,impurity,25.867,Percentage Area,%,LCMS UV Peak percentage area
A1,SOCS2A-478-RP3573-0,Impurity4,impurity,390515.0,Area Absolute,AU,LCMS UV Peak absolute area
A1,SOCS2A-478-RP3573-0,Impurity6,impurity,2.135,Retention Time,min,Time at which compound elutes
A1,SOCS2A-478-RP3573-0,Impurity6,impurity,0,ES+,Da/Q,Positive m/z
A1,SOCS2A-478-RP3573-0,Impurity6,impurity,0,ES-,Da/Q,Negative m/z
A1,SOCS2A-478-RP3573-0,Impurity6,impurity,54.59,Percentage Area,%,LCMS UV Peak percentage area
A1,SOCS2A-478-RP3573-0,Impurity6,impurity,824164.0,Area Absolute,AU,LCMS UV Peak absolute area
A1,SOCS2A-478-RP3573-0,Impurity7,impurity,2.238,Retention Time,min,Time at which compound elutes
A1,SOCS2A-478-RP3573-0,Impurity7,impurity,0,ES+,Da/Q,Positive m/z
A1,SOCS2A-478-RP3573-0,Impurity7,impurity,0,ES-,Da/Q,Negative m/z
A1,SOCS2A-478-RP3573-0,Impurity7,impurity,0.158,Percentage Area,%,LCMS UV Peak percentage area
A1,SOCS2A-478-RP3573-0,Impurity7,impurity,2388.0,Area Absolute,AU,LCMS UV Peak absolute area
A1,SOCS2A-478-RP3573-0,Impurity8,impurity,2.58,Retention Time,min,Time at which compound elutes
A1,SOCS2A-478-RP3573-0,Impurity8,impurity,0,ES+,Da/Q,Positive m/z
A1,SOCS2A-478-RP3573-0,Impurity8,impurity,0,ES-,Da/Q,Negative m/z
A1,SOCS2A-478-RP3573-0,Impurity8,impurity,2.406,Percentage Area,%,LCMS UV Peak percentage area
A1,SOCS2A-478-RP3573-0,Impurity8,impurity,36326.0,Area Absolute,AU,LCMS UV Peak absolute area
A2,SOCS2A-478-RP3573-8,Cc1cc(-c2ccc(C(F)(F)F)cc2C)n[nH]1,desired product,0,Retention Time,min,Time at which compound elutes
A2,SOCS2A-478-RP3573-8,Cc1cc(-c2ccc(C(F)(F)F)cc2C)n[nH]1,desired product,0,ES+,Da/Q,Positive m/z
A2,SOCS2A-478-RP3573-8,Cc1cc(-c2ccc(C(F)(F)F)cc2C)n[nH]1,desired product,0,ES-,Da/Q,Negative m/z
A2,SOCS2A-478-RP3573-8,Cc1cc(-c2ccc(C(F)(F)F)cc2C)n[nH]1,desired product,0,Percentage Area,%,LCMS UV Peak percentage area
A2,SOCS2A-478-RP3573-8,Cc1cc(-c2ccc(C(F)(F)F)cc2C)n[nH]1,desired product,0,Area Absolute,AU,LCMS UV Peak absolute area
A2,SOCS2A-478-RP3573-8,Impurity3,impurity,1.679,Retention Time,min,Time at which compound elutes
A2,SOCS2A-478-RP3573-8,Impurity3,impurity,0,ES+,Da/Q,Positive m/z
A2,SOCS2A-478-RP3573-8,Impurity3,impurity,0,ES-,Da/Q,Negative m/z
A2,SOCS2A-478-RP3573-8,Impurity3,impurity,100.0,Percentage Area,%,LCMS UV Peak percentage area
A2,SOCS2A-478-RP3573-8,Impurity3,impurity,3447.0,Area Absolute,AU,LCMS UV Peak absolute area
A3,SOCS2A-478-RP3573-16,Cc1cc(-c2ccoc2)n[nH]1,desired product,0,Retention Time,min,Time at which compound elutes
A3,SOCS2A-478-RP3573-16,Cc1cc(-c2ccoc2)n[nH]1,desired product,0,ES+,Da/Q,Positive m/z
A3,SOCS2A-478-RP3573-16,Cc1cc(-c2ccoc2)n[nH]1,desired product,0,ES-,Da/Q,Negative m/z
A3,SOCS2A-478-RP3573-16,Cc1cc(-c2ccoc2)n[nH]1,desired product,0,Percentage Area,%,LCMS UV Peak percentage area
A3,SOCS2A-478-RP3573-16,Cc1cc(-c2ccoc2)n[nH]1,desired product,0,Area Absolute,AU,LCMS UV Peak absolute area
B1,SOCS2A-478-RP3573-1,Cc1cc(-c2ccccc2C)n[nH]1,desired product,0,Retention Time,min,Time at which compound elutes
B1,SOCS2A-478-RP3573-1,Cc1cc(-c2ccccc2C)n[nH]1,desired product,0,ES+,Da/Q,Positive m/z
B1,SOCS2A-478-RP3573-1,Cc1cc(-c2ccccc2C)n[nH]1,desired product,0,ES-,Da/Q,Negative m/z
B1,SOCS2A-478-RP3573-1,Cc1cc(-c2ccccc2C)n[nH]1,desired product,0,Percentage Area,%,LCMS UV Peak percentage area
B1,SOCS2A-478-RP3573-1,Cc1cc(-c2ccccc2C)n[nH]1,desired product,0,Area Absolute,AU,LCMS UV Peak absolute area
B2,SOCS2A-478-RP3573-9,Cc1cc(-c2ccc(C(F)(F)F)cc2F)n[nH]1,desired product,1.75,Retention Time,min,Time at which compound elutes
B2,SOCS2A-478-RP3573-9,Cc1cc(-c2ccc(C(F)(F)F)cc2F)n[nH]1,desired product,244.95,ES+,Da/Q,Positive m/z
B2,SOCS2A-478-RP3573-9,Cc1cc(-c2ccc(C(F)(F)F)cc2F)n[nH]1,desired product,242.9,ES-,Da/Q,Negative m/z
B2,SOCS2A-478-RP3573-9,Cc1cc(-c2ccc(C(F)(F)F)cc2F)n[nH]1,desired product,37.089,Percentage Area,%,LCMS UV Peak percentage area
B2,SOCS2A-478-RP3573-9,Cc1cc(-c2ccc(C(F)(F)F)cc2F)n[nH]1,desired product,608545.0,Area Absolute,AU,LCMS UV Peak absolute area
B2,SOCS2A-478-RP3573-9,Impurity0,impurity,1.169,Retention Time,min,Time at which compound elutes
B2,SOCS2A-478-RP3573-9,Impurity0,impurity,0,ES+,Da/Q,Positive m/z
B2,SOCS2A-478-RP3573-9,Impurity0,impurity,0,ES-,Da/Q,Negative m/z
B2,SOCS2A-478-RP3573-9,Impurity0,impurity,0.424,Percentage Area,%,LCMS UV Peak percentage area
B2,SOCS2A-478-RP3573-9,Impurity0,impurity,6949.0,Area Absolute,AU,LCMS UV Peak absolute area
B2,SOCS2A-478-RP3573-9,Impurity1,impurity,1.479,Retention Time,min,Time at which compound elutes
B2,SOCS2A-478-RP3573-9,Impurity1,impurity,0,ES+,Da/Q,Positive m/z
B2,SOCS2A-478-RP3573-9,Impurity1,impurity,0,ES-,Da/Q,Negative m/z
B2,SOCS2A-478-RP3573-9,Impurity1,impurity,0.205,Percentage Area,%,LCMS UV Peak percentage area
B2,SOCS2A-478-RP3573-9,Impurity1,impurity,3358.0,Area Absolute,AU,LCMS UV Peak absolute area
B2,SOCS2A-478-RP3573-9,Impurity2,impurity,1.56,Retention Time,min,Time at which compound elutes
B2,SOCS2A-478-RP3573-9,Impurity2,impurity,0,ES+,Da/Q,Positive m/z
B2,SOCS2A-478-RP3573-9,Impurity2,impurity,0,ES-,Da/Q,Negative m/z
B2,SOCS2A-478-RP3573-9,Impurity2,impurity,0.193,Percentage Area,%,LCMS UV Peak percentage area
B2,SOCS2A-478-RP3573-9,Impurity2,impurity,3167.0,Area Absolute,AU,LCMS UV Peak absolute area
B2,SOCS2A-478-RP3573-9,Impurity3,impurity,1.703,Retention Time,min,Time at which compound elutes
B2,SOCS2A-478-RP3573-9,Impurity3,impurity,0,ES+,Da/Q,Positive m/z
B2,SOCS2A-478-RP3573-9,Impurity3,impurity,0,ES-,Da/Q,Negative m/z
B2,SOCS2A-478-RP3573-9,Impurity3,impurity,0.195,Percentage Area,%,LCMS UV Peak percentage area
B2,SOCS2A-478-RP3573-9,Impurity3,impurity,3195.0,Area Absolute,AU,LCMS UV Peak absolute area
B2,SOCS2A-478-RP3573-9,Impurity6,impurity,2.138,Retention Time,min,Time at which compound elutes
B2,SOCS2A-478-RP3573-9,Impurity6,impurity,0,ES+,Da/Q,Positive m/z
B2,SOCS2A-478-RP3573-9,Impurity6,impurity,0,ES-,Da/Q,Negative m/z
B2,SOCS2A-478-RP3573-9,Impurity6,impurity,49.789,Percentage Area,%,LCMS UV Peak percentage area
B2,SOCS2A-478-RP3573-9,Impurity6,impurity,816918.0,Area Absolute,AU,LCMS UV Peak absolute area
B2,SOCS2A-478-RP3573-9,Impurity7,impurity,2.24,Retention Time,min,Time at which compound elutes
B2,SOCS2A-478-RP3573-9,Impurity7,impurity,0,ES+,Da/Q,Positive m/z
B2,SOCS2A-478-RP3573-9,Impurity7,impurity,0,ES-,Da/Q,Negative m/z
B2,SOCS2A-478-RP3573-9,Impurity7,impurity,0.408,Percentage Area,%,LCMS UV Peak percentage area
B2,SOCS2A-478-RP3573-9,Impurity7,impurity,6694.0,Area Absolute,AU,LCMS UV Peak absolute area
B2,SOCS2A-478-RP3573-9,Impurity8,impurity,2.582,Retention Time,min,Time at which compound elutes
B2,SOCS2A-478-RP3573-9,Impurity8,impurity,0,ES+,Da/Q,Positive m/z
B2,SOCS2A-478-RP3573-9,Impurity8,impurity,0,ES-,Da/Q,Negative m/z
B2,SOCS2A-478-RP3573-9,Impurity8,impurity,0.475,Percentage Area,%,LCMS UV Peak percentage area
B2,SOCS2A-478-RP3573-9,Impurity8,impurity,7788.0,Area Absolute,AU,LCMS UV Peak absolute area
C1,SOCS2A-478-RP3573-2,COc1ccccc1-c1cc(C)[nH]n1,desired product,1.365,Retention Time,min,Time at which compound elutes
C1,SOCS2A-478-RP3573-2,COc1ccccc1-c1cc(C)[nH]n1,desired product,189.0,ES+,Da/Q,Positive m/z
C1,SOCS2A-478-RP3573-2,COc1ccccc1-c1cc(C)[nH]n1,desired product,-,ES-,Da/Q,Negative m/z
C1,SOCS2A-478-RP3573-2,COc1ccccc1-c1cc(C)[nH]n1,desired product,30.63,Percentage Area,%,LCMS UV Peak percentage area
C1,SOCS2A-478-RP3573-2,COc1ccccc1-c1cc(C)[nH]n1,desired product,569637.0,Area Absolute,AU,LCMS UV Peak absolute area
C1,SOCS2A-478-RP3573-2,Impurity0,impurity,1.175,Retention Time,min,Time at which compound elutes
C1,SOCS2A-478-RP3573-2,Impurity0,impurity,0,ES+,Da/Q,Positive m/z
C1,SOCS2A-478-RP3573-2,Impurity0,impurity,0,ES-,Da/Q,Negative m/z
C1,SOCS2A-478-RP3573-2,Impurity0,impurity,1.313,Percentage Area,%,LCMS UV Peak percentage area
C1,SOCS2A-478-RP3573-2,Impurity0,impurity,24423.0,Area Absolute,AU,LCMS UV Peak absolute area
C1,SOCS2A-478-RP3573-2,Impurity1,impurity,1.476,Retention Time,min,Time at which compound elutes
C1,SOCS2A-478-RP3573-2,Impurity1,impurity,0,ES+,Da/Q,Positive m/z
C1,SOCS2A-478-RP3573-2,Impurity1,impurity,0,ES-,Da/Q,Negative m/z
C1,SOCS2A-478-RP3573-2,Impurity1,impurity,0.228,Percentage Area,%,LCMS UV Peak percentage area
C1,SOCS2A-478-RP3573-2,Impurity1,impurity,4236.0,Area Absolute,AU,LCMS UV Peak absolute area
C1,SOCS2A-478-RP3573-2,Impurity2,impurity,1.564,Retention Time,min,Time at which compound elutes
C1,SOCS2A-478-RP3573-2,Impurity2,impurity,0,ES+,Da/Q,Positive m/z
C1,SOCS2A-478-RP3573-2,Impurity2,impurity,0,ES-,Da/Q,Negative m/z
C1,SOCS2A-478-RP3573-2,Impurity2,impurity,0.114,Percentage Area,%,LCMS UV Peak percentage area
C1,SOCS2A-478-RP3573-2,Impurity2,impurity,2116.0,Area Absolute,AU,LCMS UV Peak absolute area
C1,SOCS2A-478-RP3573-2,Impurity4,impurity,1.751,Retention Time,min,Time at which compound elutes
C1,SOCS2A-478-RP3573-2,Impurity4,impurity,0,ES+,Da/Q,Positive m/z
C1,SOCS2A-478-RP3573-2,Impurity4,impurity,0,ES-,Da/Q,Negative m/z
C1,SOCS2A-478-RP3573-2,Impurity4,impurity,18.085,Percentage Area,%,LCMS UV Peak percentage area
C1,SOCS2A-478-RP3573-2,Impurity4,impurity,336328.0,Area Absolute,AU,LCMS UV Peak absolute area
C1,SOCS2A-478-RP3573-2,Impurity6,impurity,2.136,Retention Time,min,Time at which compound elutes
C1,SOCS2A-478-RP3573-2,Impurity6,impurity,0,ES+,Da/Q,Positive m/z
C1,SOCS2A-478-RP3573-2,Impurity6,impurity,0,ES-,Da/Q,Negative m/z
C1,SOCS2A-478-RP3573-2,Impurity6,impurity,45.32,Percentage Area,%,LCMS UV Peak percentage area
C1,SOCS2A-478-RP3573-2,Impurity6,impurity,842822.0,Area Absolute,AU,LCMS UV Peak absolute area
C1,SOCS2A-478-RP3573-2,Impurity7,impurity,2.24,Retention Time,min,Time at which compound elutes
C1,SOCS2A-478-RP3573-2,Impurity7,impurity,0,ES+,Da/Q,Positive m/z
C1,SOCS2A-478-RP3573-2,Impurity7,impurity,0,ES-,Da/Q,Negative m/z
C1,SOCS2A-478-RP3573-2,Impurity7,impurity,0.279,Percentage Area,%,LCMS UV Peak percentage area
C1,SOCS2A-478-RP3573-2,Impurity7,impurity,5181.0,Area Absolute,AU,LCMS UV Peak absolute area
C1,SOCS2A-478-RP3573-2,Impurity8,impurity,2.581,Retention Time,min,Time at which compound elutes
C1,SOCS2A-478-RP3573-2,Impurity8,impurity,0,ES+,Da/Q,Positive m/z
C1,SOCS2A-478-RP3573-2,Impurity8,impurity,0,ES-,Da/Q,Negative m/z
C1,SOCS2A-478-RP3573-2,Impurity8,impurity,0.235,Percentage Area,%,LCMS UV Peak percentage area
C1,SOCS2A-478-RP3573-2,Impurity8,impurity,4378.0,Area Absolute,AU,LCMS UV Peak absolute area
C2,SOCS2A-478-RP3573-10,Cc1cc(-c2cc(CO)ccc2Cl)n[nH]1,desired product,1.343,Retention Time,min,Time at which compound elutes
C2,SOCS2A-478-RP3573-10,Cc1cc(-c2cc(CO)ccc2Cl)n[nH]1,desired product,222.95,ES+,Da/Q,Positive m/z
C2,SOCS2A-478-RP3573-10,Cc1cc(-c2cc(CO)ccc2Cl)n[nH]1,desired product,-,ES-,Da/Q,Negative m/z
C2,SOCS2A-478-RP3573-10,Cc1cc(-c2cc(CO)ccc2Cl)n[nH]1,desired product,17.894,Percentage Area,%,LCMS UV Peak percentage area
C2,SOCS2A-478-RP3573-10,Cc1cc(-c2cc(CO)ccc2Cl)n[nH]1,desired product,323588.0,Area Absolute,AU,LCMS UV Peak absolute area
C2,SOCS2A-478-RP3573-10,Impurity0,impurity,1.161,Retention Time,min,Time at which compound elutes
C2,SOCS2A-478-RP3573-10,Impurity0,impurity,0,ES+,Da/Q,Positive m/z
C2,SOCS2A-478-RP3573-10,Impurity0,impurity,0,ES-,Da/Q,Negative m/z
C2,SOCS2A-478-RP3573-10,Impurity0,impurity,1.408,Percentage Area,%,LCMS UV Peak percentage area
C2,SOCS2A-478-RP3573-10,Impurity0,impurity,25453.0,Area Absolute,AU,LCMS UV Peak absolute area
C2,SOCS2A-478-RP3573-10,Impurity1,impurity,1.497,Retention Time,min,Time at which compound elutes
C2,SOCS2A-478-RP3573-10,Impurity1,impurity,0,ES+,Da/Q,Positive m/z
C2,SOCS2A-478-RP3573-10,Impurity1,impurity,0,ES-,Da/Q,Negative m/z
C2,SOCS2A-478-RP3573-10,Impurity1,impurity,2.7,Percentage Area,%,LCMS UV Peak percentage area
C2,SOCS2A-478-RP3573-10,Impurity1,impurity,48833.0,Area Absolute,AU,LCMS UV Peak absolute area
C2,SOCS2A-478-RP3573-10,Impurity2,impurity,1.558,Retention Time,min,Time at which compound elutes
C2,SOCS2A-478-RP3573-10,Impurity2,impurity,0,ES+,Da/Q,Positive m/z
C2,SOCS2A-478-RP3573-10,Impurity2,impurity,0,ES-,Da/Q,Negative m/z
C2,SOCS2A-478-RP3573-10,Impurity2,impurity,0.361,Percentage Area,%,LCMS UV Peak percentage area
C2,SOCS2A-478-RP3573-10,Impurity2,impurity,6532.0,Area Absolute,AU,LCMS UV Peak absolute area
C2,SOCS2A-478-RP3573-10,Impurity3,impurity,1.688,Retention Time,min,Time at which compound elutes
C2,SOCS2A-478-RP3573-10,Impurity3,impurity,0,ES+,Da/Q,Positive m/z
C2,SOCS2A-478-RP3573-10,Impurity3,impurity,0,ES-,Da/Q,Negative m/z
C2,SOCS2A-478-RP3573-10,Impurity3,impurity,0.601,Percentage Area,%,LCMS UV Peak percentage area
C2,SOCS2A-478-RP3573-10,Impurity3,impurity,10871.0,Area Absolute,AU,LCMS UV Peak absolute area
C2,SOCS2A-478-RP3573-10,Impurity4,impurity,1.749,Retention Time,min,Time at which compound elutes
C2,SOCS2A-478-RP3573-10,Impurity4,impurity,0,ES+,Da/Q,Positive m/z
C2,SOCS2A-478-RP3573-10,Impurity4,impurity,0,ES-,Da/Q,Negative m/z
C2,SOCS2A-478-RP3573-10,Impurity4,impurity,27.143,Percentage Area,%,LCMS UV Peak percentage area
C2,SOCS2A-478-RP3573-10,Impurity4,impurity,490833.0,Area Absolute,AU,LCMS UV Peak absolute area
C2,SOCS2A-478-RP3573-10,Impurity6,impurity,2.136,Retention Time,min,Time at which compound elutes
C2,SOCS2A-478-RP3573-10,Impurity6,impurity,0,ES+,Da/Q,Positive m/z
C2,SOCS2A-478-RP3573-10,Impurity6,impurity,0,ES-,Da/Q,Negative m/z
C2,SOCS2A-478-RP3573-10,Impurity6,impurity,44.472,Percentage Area,%,LCMS UV Peak percentage area
C2,SOCS2A-478-RP3573-10,Impurity6,impurity,804201.0,Area Absolute,AU,LCMS UV Peak absolute area
C2,SOCS2A-478-RP3573-10,Impurity7,impurity,2.24,Retention Time,min,Time at which compound elutes
C2,SOCS2A-478-RP3573-10,Impurity7,impurity,0,ES+,Da/Q,Positive m/z
C2,SOCS2A-478-RP3573-10,Impurity7,impurity,0,ES-,Da/Q,Negative m/z
C2,SOCS2A-478-RP3573-10,Impurity7,impurity,0.131,Percentage Area,%,LCMS UV Peak percentage area
C2,SOCS2A-478-RP3573-10,Impurity7,impurity,2372.0,Area Absolute,AU,LCMS UV Peak absolute area
C2,SOCS2A-478-RP3573-10,Impurity8,impurity,2.58,Retention Time,min,Time at which compound elutes
C2,SOCS2A-478-RP3573-10,Impurity8,impurity,0,ES+,Da/Q,Positive m/z
C2,SOCS2A-478-RP3573-10,Impurity8,impurity,0,ES-,Da/Q,Negative m/z
C2,SOCS2A-478-RP3573-10,Impurity8,impurity,0.855,Percentage Area,%,LCMS UV Peak percentage area
C2,SOCS2A-478-RP3573-10,Impurity8,impurity,15458.0,Area Absolute,AU,LCMS UV Peak absolute area
D1,SOCS2A-478-RP3573-3,Cc1cc(-c2ccccc2O)n[nH]1,desired product,1.489,Retention Time,min,Time at which compound elutes
D1,SOCS2A-478-RP3573-3,Cc1cc(-c2ccccc2O)n[nH]1,desired product,174.95,ES+,Da/Q,Positive m/z
D1,SOCS2A-478-RP3573-3,Cc1cc(-c2ccccc2O)n[nH]1,desired product,172.85,ES-,Da/Q,Negative m/z
D1,SOCS2A-478-RP3573-3,Cc1cc(-c2ccccc2O)n[nH]1,desired product,5.348,Percentage Area,%,LCMS UV Peak percentage area
D1,SOCS2A-478-RP3573-3,Cc1cc(-c2ccccc2O)n[nH]1,desired product,65693.0,Area Absolute,AU,LCMS UV Peak absolute area
D1,SOCS2A-478-RP3573-3,Impurity2,impurity,1.572,Retention Time,min,Time at which compound elutes
D1,SOCS2A-478-RP3573-3,Impurity2,impurity,0,ES+,Da/Q,Positive m/z
D1,SOCS2A-478-RP3573-3,Impurity2,impurity,0,ES-,Da/Q,Negative m/z
D1,SOCS2A-478-RP3573-3,Impurity2,impurity,0.629,Percentage Area,%,LCMS UV Peak percentage area
D1,SOCS2A-478-RP3573-3,Impurity2,impurity,7723.0,Area Absolute,AU,LCMS UV Peak absolute area
D1,SOCS2A-478-RP3573-3,Impurity4,impurity,1.75,Retention Time,min,Time at which compound elutes
D1,SOCS2A-478-RP3573-3,Impurity4,impurity,0,ES+,Da/Q,Positive m/z
D1,SOCS2A-478-RP3573-3,Impurity4,impurity,0,ES-,Da/Q,Negative m/z
D1,SOCS2A-478-RP3573-3,Impurity4,impurity,10.771,Percentage Area,%,LCMS UV Peak percentage area
D1,SOCS2A-478-RP3573-3,Impurity4,impurity,132298.0,Area Absolute,AU,LCMS UV Peak absolute area
D1,SOCS2A-478-RP3573-3,Impurity6,impurity,2.136,Retention Time,min,Time at which compound elutes
D1,SOCS2A-478-RP3573-3,Impurity6,impurity,0,ES+,Da/Q,Positive m/z
D1,SOCS2A-478-RP3573-3,Impurity6,impurity,0,ES-,Da/Q,Negative m/z
D1,SOCS2A-478-RP3573-3,Impurity6,impurity,67.629,Percentage Area,%,LCMS UV Peak percentage area
D1,SOCS2A-478-RP3573-3,Impurity6,impurity,830684.0,Area Absolute,AU,LCMS UV Peak absolute area
D1,SOCS2A-478-RP3573-3,Impurity7,impurity,2.244,Retention Time,min,Time at which compound elutes
D1,SOCS2A-478-RP3573-3,Impurity7,impurity,0,ES+,Da/Q,Positive m/z
D1,SOCS2A-478-RP3573-3,Impurity7,impurity,0,ES-,Da/Q,Negative m/z
D1,SOCS2A-478-RP3573-3,Impurity7,impurity,0.5,Percentage Area,%,LCMS UV Peak percentage area
D1,SOCS2A-478-RP3573-3,Impurity7,impurity,6142.0,Area Absolute,AU,LCMS UV Peak absolute area
D1,SOCS2A-478-RP3573-3,Impurity8,impurity,2.581,Retention Time,min,Time at which compound elutes
D1,SOCS2A-478-RP3573-3,Impurity8,impurity,0,ES+,Da/Q,Positive m/z
D1,SOCS2A-478-RP3573-3,Impurity8,impurity,0,ES-,Da/Q,Negative m/z
D1,SOCS2A-478-RP3573-3,Impurity8,impurity,1.257,Percentage Area,%,LCMS UV Peak percentage area
D1,SOCS2A-478-RP3573-3,Impurity8,impurity,15436.0,Area Absolute,AU,LCMS UV Peak absolute area
D2,SOCS2A-478-RP3573-11,Cc1cc(-c2sccc2C)n[nH]1,desired product,1.472,Retention Time,min,Time at which compound elutes
D2,SOCS2A-478-RP3573-11,Cc1cc(-c2sccc2C)n[nH]1,desired product,179.0,ES+,Da/Q,Positive m/z
D2,SOCS2A-478-RP3573-11,Cc1cc(-c2sccc2C)n[nH]1,desired product,-,ES-,Da/Q,Negative m/z
D2,SOCS2A-478-RP3573-11,Cc1cc(-c2sccc2C)n[nH]1,desired product,5.909,Percentage Area,%,LCMS UV Peak percentage area
D2,SOCS2A-478-RP3573-11,Cc1cc(-c2sccc2C)n[nH]1,desired product,71531.0,Area Absolute,AU,LCMS UV Peak absolute area
D2,SOCS2A-478-RP3573-11,Impurity0,impurity,1.165,Retention Time,min,Time at which compound elutes
D2,SOCS2A-478-RP3573-11,Impurity0,impurity,0,ES+,Da/Q,Positive m/z
D2,SOCS2A-478-RP3573-11,Impurity0,impurity,0,ES-,Da/Q,Negative m/z
D2,SOCS2A-478-RP3573-11,Impurity0,impurity,0.244,Percentage Area,%,LCMS UV Peak percentage area
D2,SOCS2A-478-RP3573-11,Impurity0,impurity,2951.0,Area Absolute,AU,LCMS UV Peak absolute area
D2,SOCS2A-478-RP3573-11,Impurity2,impurity,1.56,Retention Time,min,Time at which compound elutes
D2,SOCS2A-478-RP3573-11,Impurity2,impurity,0,ES+,Da/Q,Positive m/z
D2,SOCS2A-478-RP3573-11,Impurity2,impurity,0,ES-,Da/Q,Negative m/z
D2,SOCS2A-478-RP3573-11,Impurity2,impurity,0.18,Percentage Area,%,LCMS UV Peak percentage area
D2,SOCS2A-478-RP3573-11,Impurity2,impurity,2184.0,Area Absolute,AU,LCMS UV Peak absolute area
D2,SOCS2A-478-RP3573-11,Impurity4,impurity,1.749,Retention Time,min,Time at which compound elutes
D2,SOCS2A-478-RP3573-11,Impurity4,impurity,0,ES+,Da/Q,Positive m/z
D2,SOCS2A-478-RP3573-11,Impurity4,impurity,0,ES-,Da/Q,Negative m/z
D2,SOCS2A-478-RP3573-11,Impurity4,impurity,22.835,Percentage Area,%,LCMS UV Peak percentage area
D2,SOCS2A-478-RP3573-11,Impurity4,impurity,276423.0,Area Absolute,AU,LCMS UV Peak absolute area
D2,SOCS2A-478-RP3573-11,Impurity5,impurity,2.038,Retention Time,min,Time at which compound elutes
D2,SOCS2A-478-RP3573-11,Impurity5,impurity,0,ES+,Da/Q,Positive m/z
D2,SOCS2A-478-RP3573-11,Impurity5,impurity,0,ES-,Da/Q,Negative m/z
D2,SOCS2A-478-RP3573-11,Impurity5,impurity,0.933,Percentage Area,%,LCMS UV Peak percentage area
D2,SOCS2A-478-RP3573-11,Impurity5,impurity,11299.0,Area Absolute,AU,LCMS UV Peak absolute area
D2,SOCS2A-478-RP3573-11,Impurity6,impurity,2.136,Retention Time,min,Time at which compound elutes
D2,SOCS2A-478-RP3573-11,Impurity6,impurity,0,ES+,Da/Q,Positive m/z
D2,SOCS2A-478-RP3573-11,Impurity6,impurity,0,ES-,Da/Q,Negative m/z
D2,SOCS2A-478-RP3573-11,Impurity6,impurity,67.533,Percentage Area,%,LCMS UV Peak percentage area
D2,SOCS2A-478-RP3573-11,Impurity6,impurity,817513.0,Area Absolute,AU,LCMS UV Peak absolute area
D2,SOCS2A-478-RP3573-11,Impurity7,impurity,2.239,Retention Time,min,Time at which compound elutes
D2,SOCS2A-478-RP3573-11,Impurity7,impurity,0,ES+,Da/Q,Positive m/z
D2,SOCS2A-478-RP3573-11,Impurity7,impurity,0,ES-,Da/Q,Negative m/z
D2,SOCS2A-478-RP3573-11,Impurity7,impurity,1.483,Percentage Area,%,LCMS UV Peak percentage area
D2,SOCS2A-478-RP3573-11,Impurity7,impurity,17956.0,Area Absolute,AU,LCMS UV Peak absolute area
D2,SOCS2A-478-RP3573-11,Impurity8,impurity,2.581,Retention Time,min,Time at which compound elutes
D2,SOCS2A-478-RP3573-11,Impurity8,impurity,0,ES+,Da/Q,Positive m/z
D2,SOCS2A-478-RP3573-11,Impurity8,impurity,0,ES-,Da/Q,Negative m/z
D2,SOCS2A-478-RP3573-11,Impurity8,impurity,0.883,Percentage Area,%,LCMS UV Peak percentage area
D2,SOCS2A-478-RP3573-11,Impurity8,impurity,10686.0,Area Absolute,AU,LCMS UV Peak absolute area
E1,SOCS2A-478-RP3573-4,Cc1cc(-c2cc(Cl)ccc2Cl)n[nH]1,desired product,1.714,Retention Time,min,Time at which compound elutes
E1,SOCS2A-478-RP3573-4,Cc1cc(-c2cc(Cl)ccc2Cl)n[nH]1,desired product,226.8,ES+,Da/Q,Positive m/z
E1,SOCS2A-478-RP3573-4,Cc1cc(-c2cc(Cl)ccc2Cl)n[nH]1,desired product,-,ES-,Da/Q,Negative m/z
E1,SOCS2A-478-RP3573-4,Cc1cc(-c2cc(Cl)ccc2Cl)n[nH]1,desired product,6.398,Percentage Area,%,LCMS UV Peak percentage area
E1,SOCS2A-478-RP3573-4,Cc1cc(-c2cc(Cl)ccc2Cl)n[nH]1,desired product,75394.0,Area Absolute,AU,LCMS UV Peak absolute area
E1,SOCS2A-478-RP3573-4,Impurity4,impurity,1.753,Retention Time,min,Time at which compound elutes
E1,SOCS2A-478-RP3573-4,Impurity4,impurity,0,ES+,Da/Q,Positive m/z
E1,SOCS2A-478-RP3573-4,Impurity4,impurity,0,ES-,Da/Q,Negative m/z
E1,SOCS2A-478-RP3573-4,Impurity4,impurity,16.536,Percentage Area,%,LCMS UV Peak percentage area
E1,SOCS2A-478-RP3573-4,Impurity4,impurity,194867.0,Area Absolute,AU,LCMS UV Peak absolute area
E1,SOCS2A-478-RP3573-4,Impurity5,impurity,2.059,Retention Time,min,Time at which compound elutes
E1,SOCS2A-478-RP3573-4,Impurity5,impurity,0,ES+,Da/Q,Positive m/z
E1,SOCS2A-478-RP3573-4,Impurity5,impurity,0,ES-,Da/Q,Negative m/z
E1,SOCS2A-478-RP3573-4,Impurity5,impurity,0.51,Percentage Area,%,LCMS UV Peak percentage area
E1,SOCS2A-478-RP3573-4,Impurity5,impurity,6014.0,Area Absolute,AU,LCMS UV Peak absolute area
E1,SOCS2A-478-RP3573-4,Impurity6,impurity,2.138,Retention Time,min,Time at which compound elutes
E1,SOCS2A-478-RP3573-4,Impurity6,impurity,0,ES+,Da/Q,Positive m/z
E1,SOCS2A-478-RP3573-4,Impurity6,impurity,0,ES-,Da/Q,Negative m/z
E1,SOCS2A-478-RP3573-4,Impurity6,impurity,71.684,Percentage Area,%,LCMS UV Peak percentage area
E1,SOCS2A-478-RP3573-4,Impurity6,impurity,844778.0,Area Absolute,AU,LCMS UV Peak absolute area
E1,SOCS2A-478-RP3573-4,Impurity7,impurity,2.254,Retention Time,min,Time at which compound elutes
E1,SOCS2A-478-RP3573-4,Impurity7,impurity,0,ES+,Da/Q,Positive m/z
E1,SOCS2A-478-RP3573-4,Impurity7,impurity,0,ES-,Da/Q,Negative m/z
E1,SOCS2A-478-RP3573-4,Impurity7,impurity,1.608,Percentage Area,%,LCMS UV Peak percentage area
E1,SOCS2A-478-RP3573-4,Impurity7,impurity,18947.0,Area Absolute,AU,LCMS UV Peak absolute area
E1,SOCS2A-478-RP3573-4,Impurity8,impurity,2.583,Retention Time,min,Time at which compound elutes
E1,SOCS2A-478-RP3573-4,Impurity8,impurity,0,ES+,Da/Q,Positive m/z
E1,SOCS2A-478-RP3573-4,Impurity8,impurity,0,ES-,Da/Q,Negative m/z
E1,SOCS2A-478-RP3573-4,Impurity8,impurity,0.902,Percentage Area,%,LCMS UV Peak percentage area
E1,SOCS2A-478-RP3573-4,Impurity8,impurity,10626.0,Area Absolute,AU,LCMS UV Peak absolute area
E2,SOCS2A-478-RP3573-12,Cc1cc(-c2c(C)noc2C)n[nH]1,desired product,1.233,Retention Time,min,Time at which compound elutes
E2,SOCS2A-478-RP3573-12,Cc1cc(-c2c(C)noc2C)n[nH]1,desired product,178.0,ES+,Da/Q,Positive m/z
E2,SOCS2A-478-RP3573-12,Cc1cc(-c2c(C)noc2C)n[nH]1,desired product,-,ES-,Da/Q,Negative m/z
E2,SOCS2A-478-RP3573-12,Cc1cc(-c2c(C)noc2C)n[nH]1,desired product,0.601,Percentage Area,%,LCMS UV Peak percentage area
E2,SOCS2A-478-RP3573-12,Cc1cc(-c2c(C)noc2C)n[nH]1,desired product,6865.0,Area Absolute,AU,LCMS UV Peak absolute area
E2,SOCS2A-478-RP3573-12,Impurity0,impurity,1.166,Retention Time,min,Time at which compound elutes
E2,SOCS2A-478-RP3573-12,Impurity0,impurity,0,ES+,Da/Q,Positive m/z
E2,SOCS2A-478-RP3573-12,Impurity0,impurity,0,ES-,Da/Q,Negative m/z
E2,SOCS2A-478-RP3573-12,Impurity0,impurity,0.78,Percentage Area,%,LCMS UV Peak percentage area
E2,SOCS2A-478-RP3573-12,Impurity0,impurity,8898.0,Area Absolute,AU,LCMS UV Peak absolute area
E2,SOCS2A-478-RP3573-12,Impurity3,impurity,1.703,Retention Time,min,Time at which compound elutes
E2,SOCS2A-478-RP3573-12,Impurity3,impurity,0,ES+,Da/Q,Positive m/z
E2,SOCS2A-478-RP3573-12,Impurity3,impurity,0,ES-,Da/Q,Negative m/z
E2,SOCS2A-478-RP3573-12,Impurity3,impurity,0.312,Percentage Area,%,LCMS UV Peak percentage area
E2,SOCS2A-478-RP3573-12,Impurity3,impurity,3565.0,Area Absolute,AU,LCMS UV Peak absolute area
E2,SOCS2A-478-RP3573-12,Impurity4,impurity,1.751,Retention Time,min,Time at which compound elutes
E2,SOCS2A-478-RP3573-12,Impurity4,impurity,0,ES+,Da/Q,Positive m/z
E2,SOCS2A-478-RP3573-12,Impurity4,impurity,0,ES-,Da/Q,Negative m/z
E2,SOCS2A-478-RP3573-12,Impurity4,impurity,23.821,Percentage Area,%,LCMS UV Peak percentage area
E2,SOCS2A-478-RP3573-12,Impurity4,impurity,271874.0,Area Absolute,AU,LCMS UV Peak absolute area
E2,SOCS2A-478-RP3573-12,Impurity6,impurity,2.137,Retention Time,min,Time at which compound elutes
E2,SOCS2A-478-RP3573-12,Impurity6,impurity,0,ES+,Da/Q,Positive m/z
E2,SOCS2A-478-RP3573-12,Impurity6,impurity,0,ES-,Da/Q,Negative m/z
E2,SOCS2A-478-RP3573-12,Impurity6,impurity,71.868,Percentage Area,%,LCMS UV Peak percentage area
E2,SOCS2A-478-RP3573-12,Impurity6,impurity,820235.0,Area Absolute,AU,LCMS UV Peak absolute area
E2,SOCS2A-478-RP3573-12,Impurity8,impurity,2.582,Retention Time,min,Time at which compound elutes
E2,SOCS2A-478-RP3573-12,Impurity8,impurity,0,ES+,Da/Q,Positive m/z
E2,SOCS2A-478-RP3573-12,Impurity8,impurity,0,ES-,Da/Q,Negative m/z
E2,SOCS2A-478-RP3573-12,Impurity8,impurity,2.617,Percentage Area,%,LCMS UV Peak percentage area
E2,SOCS2A-478-RP3573-12,Impurity8,impurity,29869.0,Area Absolute,AU,LCMS UV Peak absolute area
F1,SOCS2A-478-RP3573-5,Cc1ccc(C)c(-c2cc(C)[nH]n2)c1,desired product,1.592,Retention Time,min,Time at which compound elutes
F1,SOCS2A-478-RP3573-5,Cc1ccc(C)c(-c2cc(C)[nH]n2)c1,desired product,187.0,ES+,Da/Q,Positive m/z
F1,SOCS2A-478-RP3573-5,Cc1ccc(C)c(-c2cc(C)[nH]n2)c1,desired product,-,ES-,Da/Q,Negative m/z
F1,SOCS2A-478-RP3573-5,Cc1ccc(C)c(-c2cc(C)[nH]n2)c1,desired product,42.403,Percentage Area,%,LCMS UV Peak percentage area
F1,SOCS2A-478-RP3573-5,Cc1ccc(C)c(-c2cc(C)[nH]n2)c1,desired product,957739.0,Area Absolute,AU,LCMS UV Peak absolute area
F1,SOCS2A-478-RP3573-5,Impurity0,impurity,1.169,Retention Time,min,Time at which compound elutes
F1,SOCS2A-478-RP3573-5,Impurity0,impurity,0,ES+,Da/Q,Positive m/z
F1,SOCS2A-478-RP3573-5,Impurity0,impurity,0,ES-,Da/Q,Negative m/z
F1,SOCS2A-478-RP3573-5,Impurity0,impurity,0.117,Percentage Area,%,LCMS UV Peak percentage area
F1,SOCS2A-478-RP3573-5,Impurity0,impurity,2652.0,Area Absolute,AU,LCMS UV Peak absolute area
F1,SOCS2A-478-RP3573-5,Impurity1,impurity,1.482,Retention Time,min,Time at which compound elutes
F1,SOCS2A-478-RP3573-5,Impurity1,impurity,0,ES+,Da/Q,Positive m/z
F1,SOCS2A-478-RP3573-5,Impurity1,impurity,0,ES-,Da/Q,Negative m/z
F1,SOCS2A-478-RP3573-5,Impurity1,impurity,0.403,Percentage Area,%,LCMS UV Peak percentage area
F1,SOCS2A-478-RP3573-5,Impurity1,impurity,9111.0,Area Absolute,AU,LCMS UV Peak absolute area
F1,SOCS2A-478-RP3573-5,Impurity3,impurity,1.704,Retention Time,min,Time at which compound elutes
F1,SOCS2A-478-RP3573-5,Impurity3,impurity,0,ES+,Da/Q,Positive m/z
F1,SOCS2A-478-RP3573-5,Impurity3,impurity,0,ES-,Da/Q,Negative m/z
F1,SOCS2A-478-RP3573-5,Impurity3,impurity,0.109,Percentage Area,%,LCMS UV Peak percentage area
F1,SOCS2A-478-RP3573-5,Impurity3,impurity,2454.0,Area Absolute,AU,LCMS UV Peak absolute area
F1,SOCS2A-478-RP3573-5,Impurity4,impurity,1.751,Retention Time,min,Time at which compound elutes
F1,SOCS2A-478-RP3573-5,Impurity4,impurity,0,ES+,Da/Q,Positive m/z
F1,SOCS2A-478-RP3573-5,Impurity4,impurity,0,ES-,Da/Q,Negative m/z
F1,SOCS2A-478-RP3573-5,Impurity4,impurity,15.854,Percentage Area,%,LCMS UV Peak percentage area
F1,SOCS2A-478-RP3573-5,Impurity4,impurity,358094.0,Area Absolute,AU,LCMS UV Peak absolute area
F1,SOCS2A-478-RP3573-5,Impurity5,impurity,2.048,Retention Time,min,Time at which compound elutes
F1,SOCS2A-478-RP3573-5,Impurity5,impurity,0,ES+,Da/Q,Positive m/z
F1,SOCS2A-478-RP3573-5,Impurity5,impurity,0,ES-,Da/Q,Negative m/z
F1,SOCS2A-478-RP3573-5,Impurity5,impurity,0.964,Percentage Area,%,LCMS UV Peak percentage area
F1,SOCS2A-478-RP3573-5,Impurity5,impurity,21783.0,Area Absolute,AU,LCMS UV Peak absolute area
F1,SOCS2A-478-RP3573-5,Impurity6,impurity,2.136,Retention Time,min,Time at which compound elutes
F1,SOCS2A-478-RP3573-5,Impurity6,impurity,0,ES+,Da/Q,Positive m/z
F1,SOCS2A-478-RP3573-5,Impurity6,impurity,0,ES-,Da/Q,Negative m/z
F1,SOCS2A-478-RP3573-5,Impurity6,impurity,37.061,Percentage Area,%,LCMS UV Peak percentage area
F1,SOCS2A-478-RP3573-5,Impurity6,impurity,837085.0,Area Absolute,AU,LCMS UV Peak absolute area
F1,SOCS2A-478-RP3573-5,Impurity7,impurity,2.24,Retention Time,min,Time at which compound elutes
F1,SOCS2A-478-RP3573-5,Impurity7,impurity,0,ES+,Da/Q,Positive m/z
F1,SOCS2A-478-RP3573-5,Impurity7,impurity,0,ES-,Da/Q,Negative m/z
F1,SOCS2A-478-RP3573-5,Impurity7,impurity,0.398,Percentage Area,%,LCMS UV Peak percentage area
F1,SOCS2A-478-RP3573-5,Impurity7,impurity,8980.0,Area Absolute,AU,LCMS UV Peak absolute area
F1,SOCS2A-478-RP3573-5,Impurity8,impurity,2.581,Retention Time,min,Time at which compound elutes
F1,SOCS2A-478-RP3573-5,Impurity8,impurity,0,ES+,Da/Q,Positive m/z
F1,SOCS2A-478-RP3573-5,Impurity8,impurity,0,ES-,Da/Q,Negative m/z
F1,SOCS2A-478-RP3573-5,Impurity8,impurity,0.717,Percentage Area,%,LCMS UV Peak percentage area
F1,SOCS2A-478-RP3573-5,Impurity8,impurity,16188.0,Area Absolute,AU,LCMS UV Peak absolute area
F2,SOCS2A-478-RP3573-13,Cc1cc(-c2cn(C)c3ccccc23)n[nH]1,desired product,1.391,Retention Time,min,Time at which compound elutes
F2,SOCS2A-478-RP3573-13,Cc1cc(-c2cn(C)c3ccccc23)n[nH]1,desired product,212.05,ES+,Da/Q,Positive m/z
F2,SOCS2A-478-RP3573-13,Cc1cc(-c2cn(C)c3ccccc23)n[nH]1,desired product,-,ES-,Da/Q,Negative m/z
F2,SOCS2A-478-RP3573-13,Cc1cc(-c2cn(C)c3ccccc23)n[nH]1,desired product,3.086,Percentage Area,%,LCMS UV Peak percentage area
F2,SOCS2A-478-RP3573-13,Cc1cc(-c2cn(C)c3ccccc23)n[nH]1,desired product,114674.0,Area Absolute,AU,LCMS UV Peak absolute area
F2,SOCS2A-478-RP3573-13,Impurity0,impurity,1.142,Retention Time,min,Time at which compound elutes
F2,SOCS2A-478-RP3573-13,Impurity0,impurity,0,ES+,Da/Q,Positive m/z
F2,SOCS2A-478-RP3573-13,Impurity0,impurity,0,ES-,Da/Q,Negative m/z
F2,SOCS2A-478-RP3573-13,Impurity0,impurity,11.532,Percentage Area,%,LCMS UV Peak percentage area
F2,SOCS2A-478-RP3573-13,Impurity0,impurity,428503.0,Area Absolute,AU,LCMS UV Peak absolute area
F2,SOCS2A-478-RP3573-13,Impurity1,impurity,0,Retention Time,min,Time at which compound elutes
F2,SOCS2A-478-RP3573-13,Impurity1,impurity,0,ES+,Da/Q,Positive m/z
F2,SOCS2A-478-RP3573-13,Impurity1,impurity,0,ES-,Da/Q,Negative m/z
F2,SOCS2A-478-RP3573-13,Impurity1,impurity,0,Percentage Area,%,LCMS UV Peak percentage area
F2,SOCS2A-478-RP3573-13,Impurity1,impurity,0,Area Absolute,AU,LCMS UV Peak absolute area
F2,SOCS2A-478-RP3573-13,Impurity4,impurity,1.749,Retention Time,min,Time at which compound elutes
F2,SOCS2A-478-RP3573-13,Impurity4,impurity,0,ES+,Da/Q,Positive m/z
F2,SOCS2A-478-RP3573-13,Impurity4,impurity,0,ES-,Da/Q,Negative m/z
F2,SOCS2A-478-RP3573-13,Impurity4,impurity,13.276,Percentage Area,%,LCMS UV Peak percentage area
F2,SOCS2A-478-RP3573-13,Impurity4,impurity,493306.0,Area Absolute,AU,LCMS UV Peak absolute area
F2,SOCS2A-478-RP3573-13,Impurity5,impurity,2.035,Retention Time,min,Time at which compound elutes
F2,SOCS2A-478-RP3573-13,Impurity5,impurity,0,ES+,Da/Q,Positive m/z
F2,SOCS2A-478-RP3573-13,Impurity5,impurity,0,ES-,Da/Q,Negative m/z
F2,SOCS2A-478-RP3573-13,Impurity5,impurity,0.678,Percentage Area,%,LCMS UV Peak percentage area
F2,SOCS2A-478-RP3573-13,Impurity5,impurity,25174.0,Area Absolute,AU,LCMS UV Peak absolute area
F2,SOCS2A-478-RP3573-13,Impurity6,impurity,2.136,Retention Time,min,Time at which compound elutes
F2,SOCS2A-478-RP3573-13,Impurity6,impurity,0,ES+,Da/Q,Positive m/z
F2,SOCS2A-478-RP3573-13,Impurity6,impurity,0,ES-,Da/Q,Negative m/z
F2,SOCS2A-478-RP3573-13,Impurity6,impurity,22.812,Percentage Area,%,LCMS UV Peak percentage area
F2,SOCS2A-478-RP3573-13,Impurity6,impurity,847615.0,Area Absolute,AU,LCMS UV Peak absolute area
F2,SOCS2A-478-RP3573-13,Impurity7,impurity,2.24,Retention Time,min,Time at which compound elutes
F2,SOCS2A-478-RP3573-13,Impurity7,impurity,0,ES+,Da/Q,Positive m/z
F2,SOCS2A-478-RP3573-13,Impurity7,impurity,0,ES-,Da/Q,Negative m/z
F2,SOCS2A-478-RP3573-13,Impurity7,impurity,0.101,Percentage Area,%,LCMS UV Peak percentage area
F2,SOCS2A-478-RP3573-13,Impurity7,impurity,3758.0,Area Absolute,AU,LCMS UV Peak absolute area
F2,SOCS2A-478-RP3573-13,Impurity8,impurity,2.581,Retention Time,min,Time at which compound elutes
F2,SOCS2A-478-RP3573-13,Impurity8,impurity,0,ES+,Da/Q,Positive m/z
F2,SOCS2A-478-RP3573-13,Impurity8,impurity,0,ES-,Da/Q,Negative m/z
F2,SOCS2A-478-RP3573-13,Impurity8,impurity,0.831,Percentage Area,%,LCMS UV Peak percentage area
F2,SOCS2A-478-RP3573-13,Impurity8,impurity,30894.0,Area Absolute,AU,LCMS UV Peak absolute area
G1,SOCS2A-478-RP3573-6,Cc1cc(-c2ccc(C#N)cc2C)n[nH]1,desired product,1.486,Retention Time,min,Time at which compound elutes
G1,SOCS2A-478-RP3573-6,Cc1cc(-c2ccc(C#N)cc2C)n[nH]1,desired product,198.0,ES+,Da/Q,Positive m/z
G1,SOCS2A-478-RP3573-6,Cc1cc(-c2ccc(C#N)cc2C)n[nH]1,desired product,195.85,ES-,Da/Q,Negative m/z
G1,SOCS2A-478-RP3573-6,Cc1cc(-c2ccc(C#N)cc2C)n[nH]1,desired product,25.188,Percentage Area,%,LCMS UV Peak percentage area
G1,SOCS2A-478-RP3573-6,Cc1cc(-c2ccc(C#N)cc2C)n[nH]1,desired product,617650.0,Area Absolute,AU,LCMS UV Peak absolute area
G1,SOCS2A-478-RP3573-6,Impurity0,impurity,0,Retention Time,min,Time at which compound elutes
G1,SOCS2A-478-RP3573-6,Impurity0,impurity,0,ES+,Da/Q,Positive m/z
G1,SOCS2A-478-RP3573-6,Impurity0,impurity,0,ES-,Da/Q,Negative m/z
G1,SOCS2A-478-RP3573-6,Impurity0,impurity,0,Percentage Area,%,LCMS UV Peak percentage area
G1,SOCS2A-478-RP3573-6,Impurity0,impurity,0,Area Absolute,AU,LCMS UV Peak absolute area
G1,SOCS2A-478-RP3573-6,Impurity3,impurity,1.708,Retention Time,min,Time at which compound elutes
G1,SOCS2A-478-RP3573-6,Impurity3,impurity,0,ES+,Da/Q,Positive m/z
G1,SOCS2A-478-RP3573-6,Impurity3,impurity,0,ES-,Da/Q,Negative m/z
G1,SOCS2A-478-RP3573-6,Impurity3,impurity,0.147,Percentage Area,%,LCMS UV Peak percentage area
G1,SOCS2A-478-RP3573-6,Impurity3,impurity,3611.0,Area Absolute,AU,LCMS UV Peak absolute area
G1,SOCS2A-478-RP3573-6,Impurity4,impurity,1.753,Retention Time,min,Time at which compound elutes
G1,SOCS2A-478-RP3573-6,Impurity4,impurity,0,ES+,Da/Q,Positive m/z
G1,SOCS2A-478-RP3573-6,Impurity4,impurity,0,ES-,Da/Q,Negative m/z
G1,SOCS2A-478-RP3573-6,Impurity4,impurity,18.493,Percentage Area,%,LCMS UV Peak percentage area
G1,SOCS2A-478-RP3573-6,Impurity4,impurity,453477.0,Area Absolute,AU,LCMS UV Peak absolute area
G1,SOCS2A-478-RP3573-6,Impurity6,impurity,2.138,Retention Time,min,Time at which compound elutes
G1,SOCS2A-478-RP3573-6,Impurity6,impurity,0,ES+,Da/Q,Positive m/z
G1,SOCS2A-478-RP3573-6,Impurity6,impurity,0,ES-,Da/Q,Negative m/z
G1,SOCS2A-478-RP3573-6,Impurity6,impurity,35.221,Percentage Area,%,LCMS UV Peak percentage area
G1,SOCS2A-478-RP3573-6,Impurity6,impurity,863670.0,Area Absolute,AU,LCMS UV Peak absolute area
G1,SOCS2A-478-RP3573-6,Impurity7,impurity,2.24,Retention Time,min,Time at which compound elutes
G1,SOCS2A-478-RP3573-6,Impurity7,impurity,0,ES+,Da/Q,Positive m/z
G1,SOCS2A-478-RP3573-6,Impurity7,impurity,0,ES-,Da/Q,Negative m/z
G1,SOCS2A-478-RP3573-6,Impurity7,impurity,0.188,Percentage Area,%,LCMS UV Peak percentage area
G1,SOCS2A-478-RP3573-6,Impurity7,impurity,4608.0,Area Absolute,AU,LCMS UV Peak absolute area
G1,SOCS2A-478-RP3573-6,Impurity8,impurity,2.583,Retention Time,min,Time at which compound elutes
G1,SOCS2A-478-RP3573-6,Impurity8,impurity,0,ES+,Da/Q,Positive m/z
G1,SOCS2A-478-RP3573-6,Impurity8,impurity,0,ES-,Da/Q,Negative m/z
G1,SOCS2A-478-RP3573-6,Impurity8,impurity,0.511,Percentage Area,%,LCMS UV Peak percentage area
G1,SOCS2A-478-RP3573-6,Impurity8,impurity,12529.0,Area Absolute,AU,LCMS UV Peak absolute area
G2,SOCS2A-478-RP3573-14,Cc1cc(-c2cc3ccccc3n2C)n[nH]1,desired product,1.628,Retention Time,min,Time at which compound elutes
G2,SOCS2A-478-RP3573-14,Cc1cc(-c2cc3ccccc3n2C)n[nH]1,desired product,212.0,ES+,Da/Q,Positive m/z
G2,SOCS2A-478-RP3573-14,Cc1cc(-c2cc3ccccc3n2C)n[nH]1,desired product,-,ES-,Da/Q,Negative m/z
G2,SOCS2A-478-RP3573-14,Cc1cc(-c2cc3ccccc3n2C)n[nH]1,desired product,17.241,Percentage Area,%,LCMS UV Peak percentage area
G2,SOCS2A-478-RP3573-14,Cc1cc(-c2cc3ccccc3n2C)n[nH]1,desired product,355263.0,Area Absolute,AU,LCMS UV Peak absolute area
G2,SOCS2A-478-RP3573-14,Impurity0,impurity,1.138,Retention Time,min,Time at which compound elutes
G2,SOCS2A-478-RP3573-14,Impurity0,impurity,0,ES+,Da/Q,Positive m/z
G2,SOCS2A-478-RP3573-14,Impurity0,impurity,0,ES-,Da/Q,Negative m/z
G2,SOCS2A-478-RP3573-14,Impurity0,impurity,0.616,Percentage Area,%,LCMS UV Peak percentage area
G2,SOCS2A-478-RP3573-14,Impurity0,impurity,12702.0,Area Absolute,AU,LCMS UV Peak absolute area
G2,SOCS2A-478-RP3573-14,Impurity3,impurity,1.7,Retention Time,min,Time at which compound elutes
G2,SOCS2A-478-RP3573-14,Impurity3,impurity,0,ES+,Da/Q,Positive m/z
G2,SOCS2A-478-RP3573-14,Impurity3,impurity,0,ES-,Da/Q,Negative m/z
G2,SOCS2A-478-RP3573-14,Impurity3,impurity,0.088,Percentage Area,%,LCMS UV Peak percentage area
G2,SOCS2A-478-RP3573-14,Impurity3,impurity,1804.0,Area Absolute,AU,LCMS UV Peak absolute area
G2,SOCS2A-478-RP3573-14,Impurity4,impurity,1.748,Retention Time,min,Time at which compound elutes
G2,SOCS2A-478-RP3573-14,Impurity4,impurity,0,ES+,Da/Q,Positive m/z
G2,SOCS2A-478-RP3573-14,Impurity4,impurity,0,ES-,Da/Q,Negative m/z
G2,SOCS2A-478-RP3573-14,Impurity4,impurity,3.557,Percentage Area,%,LCMS UV Peak percentage area
G2,SOCS2A-478-RP3573-14,Impurity4,impurity,73303.0,Area Absolute,AU,LCMS UV Peak absolute area
G2,SOCS2A-478-RP3573-14,Impurity5,impurity,2.056,Retention Time,min,Time at which compound elutes
G2,SOCS2A-478-RP3573-14,Impurity5,impurity,0,ES+,Da/Q,Positive m/z
G2,SOCS2A-478-RP3573-14,Impurity5,impurity,0,ES-,Da/Q,Negative m/z
G2,SOCS2A-478-RP3573-14,Impurity5,impurity,1.25,Percentage Area,%,LCMS UV Peak percentage area
G2,SOCS2A-478-RP3573-14,Impurity5,impurity,25750.0,Area Absolute,AU,LCMS UV Peak absolute area
G2,SOCS2A-478-RP3573-14,Impurity6,impurity,2.135,Retention Time,min,Time at which compound elutes
G2,SOCS2A-478-RP3573-14,Impurity6,impurity,0,ES+,Da/Q,Positive m/z
G2,SOCS2A-478-RP3573-14,Impurity6,impurity,0,ES-,Da/Q,Negative m/z
G2,SOCS2A-478-RP3573-14,Impurity6,impurity,62.023,Percentage Area,%,LCMS UV Peak percentage area
G2,SOCS2A-478-RP3573-14,Impurity6,impurity,1278048.0,Area Absolute,AU,LCMS UV Peak absolute area
G2,SOCS2A-478-RP3573-14,Impurity8,impurity,2.58,Retention Time,min,Time at which compound elutes
G2,SOCS2A-478-RP3573-14,Impurity8,impurity,0,ES+,Da/Q,Positive m/z
G2,SOCS2A-478-RP3573-14,Impurity8,impurity,0,ES-,Da/Q,Negative m/z
G2,SOCS2A-478-RP3573-14,Impurity8,impurity,0.692,Percentage Area,%,LCMS UV Peak percentage area
G2,SOCS2A-478-RP3573-14,Impurity8,impurity,14261.0,Area Absolute,AU,LCMS UV Peak absolute area
H1,SOCS2A-478-RP3573-7,Cc1cc(-c2ccc(Cl)cc2C)n[nH]1,desired product,1.677,Retention Time,min,Time at which compound elutes
H1,SOCS2A-478-RP3573-7,Cc1cc(-c2ccc(Cl)cc2C)n[nH]1,desired product,206.9,ES+,Da/Q,Positive m/z
H1,SOCS2A-478-RP3573-7,Cc1cc(-c2ccc(Cl)cc2C)n[nH]1,desired product,-,ES-,Da/Q,Negative m/z
H1,SOCS2A-478-RP3573-7,Cc1cc(-c2ccc(Cl)cc2C)n[nH]1,desired product,45.381,Percentage Area,%,LCMS UV Peak percentage area
H1,SOCS2A-478-RP3573-7,Cc1cc(-c2ccc(Cl)cc2C)n[nH]1,desired product,1291105.0,Area Absolute,AU,LCMS UV Peak absolute area
H1,SOCS2A-478-RP3573-7,Impurity0,impurity,1.169,Retention Time,min,Time at which compound elutes
H1,SOCS2A-478-RP3573-7,Impurity0,impurity,0,ES+,Da/Q,Positive m/z
H1,SOCS2A-478-RP3573-7,Impurity0,impurity,0,ES-,Da/Q,Negative m/z
H1,SOCS2A-478-RP3573-7,Impurity0,impurity,0.101,Percentage Area,%,LCMS UV Peak percentage area
H1,SOCS2A-478-RP3573-7,Impurity0,impurity,2863.0,Area Absolute,AU,LCMS UV Peak absolute area
H1,SOCS2A-478-RP3573-7,Impurity1,impurity,1.481,Retention Time,min,Time at which compound elutes
H1,SOCS2A-478-RP3573-7,Impurity1,impurity,0,ES+,Da/Q,Positive m/z
H1,SOCS2A-478-RP3573-7,Impurity1,impurity,0,ES-,Da/Q,Negative m/z
H1,SOCS2A-478-RP3573-7,Impurity1,impurity,0.413,Percentage Area,%,LCMS UV Peak percentage area
H1,SOCS2A-478-RP3573-7,Impurity1,impurity,11753.0,Area Absolute,AU,LCMS UV Peak absolute area
H1,SOCS2A-478-RP3573-7,Impurity2,impurity,1.572,Retention Time,min,Time at which compound elutes
H1,SOCS2A-478-RP3573-7,Impurity2,impurity,0,ES+,Da/Q,Positive m/z
H1,SOCS2A-478-RP3573-7,Impurity2,impurity,0,ES-,Da/Q,Negative m/z
H1,SOCS2A-478-RP3573-7,Impurity2,impurity,0.206,Percentage Area,%,LCMS UV Peak percentage area
H1,SOCS2A-478-RP3573-7,Impurity2,impurity,5868.0,Area Absolute,AU,LCMS UV Peak absolute area
H1,SOCS2A-478-RP3573-7,Impurity4,impurity,1.752,Retention Time,min,Time at which compound elutes
H1,SOCS2A-478-RP3573-7,Impurity4,impurity,0,ES+,Da/Q,Positive m/z
H1,SOCS2A-478-RP3573-7,Impurity4,impurity,0,ES-,Da/Q,Negative m/z
H1,SOCS2A-478-RP3573-7,Impurity4,impurity,13.214,Percentage Area,%,LCMS UV Peak percentage area
H1,SOCS2A-478-RP3573-7,Impurity4,impurity,375935.0,Area Absolute,AU,LCMS UV Peak absolute area
H1,SOCS2A-478-RP3573-7,Impurity5,impurity,2.042,Retention Time,min,Time at which compound elutes
H1,SOCS2A-478-RP3573-7,Impurity5,impurity,0,ES+,Da/Q,Positive m/z
H1,SOCS2A-478-RP3573-7,Impurity5,impurity,0,ES-,Da/Q,Negative m/z
H1,SOCS2A-478-RP3573-7,Impurity5,impurity,5.561,Percentage Area,%,LCMS UV Peak percentage area
H1,SOCS2A-478-RP3573-7,Impurity5,impurity,158218.0,Area Absolute,AU,LCMS UV Peak absolute area
H1,SOCS2A-478-RP3573-7,Impurity6,impurity,2.138,Retention Time,min,Time at which compound elutes
H1,SOCS2A-478-RP3573-7,Impurity6,impurity,0,ES+,Da/Q,Positive m/z
H1,SOCS2A-478-RP3573-7,Impurity6,impurity,0,ES-,Da/Q,Negative m/z
H1,SOCS2A-478-RP3573-7,Impurity6,impurity,29.329,Percentage Area,%,LCMS UV Peak percentage area
H1,SOCS2A-478-RP3573-7,Impurity6,impurity,834423.0,Area Absolute,AU,LCMS UV Peak absolute area
H1,SOCS2A-478-RP3573-7,Impurity7,impurity,2.255,Retention Time,min,Time at which compound elutes
H1,SOCS2A-478-RP3573-7,Impurity7,impurity,0,ES+,Da/Q,Positive m/z
H1,SOCS2A-478-RP3573-7,Impurity7,impurity,0,ES-,Da/Q,Negative m/z
H1,SOCS2A-478-RP3573-7,Impurity7,impurity,1.038,Percentage Area,%,LCMS UV Peak percentage area
H1,SOCS2A-478-RP3573-7,Impurity7,impurity,29544.0,Area Absolute,AU,LCMS UV Peak absolute area
H1,SOCS2A-478-RP3573-7,Impurity8,impurity,2.583,Retention Time,min,Time at which compound elutes
H1,SOCS2A-478-RP3573-7,Impurity8,impurity,0,ES+,Da/Q,Positive m/z
H1,SOCS2A-478-RP3573-7,Impurity8,impurity,0,ES-,Da/Q,Negative m/z
H1,SOCS2A-478-RP3573-7,Impurity8,impurity,1.293,Percentage Area,%,LCMS UV Peak percentage area
H1,SOCS2A-478-RP3573-7,Impurity8,impurity,36785.0,Area Absolute,AU,LCMS UV Peak absolute area
H2,SOCS2A-478-RP3573-15,Cc1cc(-c2cn[nH]c2)n[nH]1,desired product,0,Retention Time,min,Time at which compound elutes
H2,SOCS2A-478-RP3573-15,Cc1cc(-c2cn[nH]c2)n[nH]1,desired product,0,ES+,Da/Q,Positive m/z
H2,SOCS2A-478-RP3573-15,Cc1cc(-c2cn[nH]c2)n[nH]1,desired product,0,ES-,Da/Q,Negative m/z
H2,SOCS2A-478-RP3573-15,Cc1cc(-c2cn[nH]c2)n[nH]1,desired product,0,Percentage Area,%,LCMS UV Peak percentage area
H2,SOCS2A-478-RP3573-15,Cc1cc(-c2cn[nH]c2)n[nH]1,desired product,0,Area Absolute,AU,LCMS UV Peak absolute area
H2,SOCS2A-478-RP3573-15,Impurity0,impurity,1.163,Retention Time,min,Time at which compound elutes
H2,SOCS2A-478-RP3573-15,Impurity0,impurity,0,ES+,Da/Q,Positive m/z
H2,SOCS2A-478-RP3573-15,Impurity0,impurity,0,ES-,Da/Q,Negative m/z
H2,SOCS2A-478-RP3573-15,Impurity0,impurity,0.239,Percentage Area,%,LCMS UV Peak percentage area
H2,SOCS2A-478-RP3573-15,Impurity0,impurity,2692.0,Area Absolute,AU,LCMS UV Peak absolute area
H2,SOCS2A-478-RP3573-15,Impurity4,impurity,1.748,Retention Time,min,Time at which compound elutes
H2,SOCS2A-478-RP3573-15,Impurity4,impurity,0,ES+,Da/Q,Positive m/z
H2,SOCS2A-478-RP3573-15,Impurity4,impurity,0,ES-,Da/Q,Negative m/z
H2,SOCS2A-478-RP3573-15,Impurity4,impurity,25.97,Percentage Area,%,LCMS UV Peak percentage area
H2,SOCS2A-478-RP3573-15,Impurity4,impurity,293043.0,Area Absolute,AU,LCMS UV Peak absolute area
H2,SOCS2A-478-RP3573-15,Impurity6,impurity,2.136,Retention Time,min,Time at which compound elutes
H2,SOCS2A-478-RP3573-15,Impurity6,impurity,0,ES+,Da/Q,Positive m/z
H2,SOCS2A-478-RP3573-15,Impurity6,impurity,0,ES-,Da/Q,Negative m/z
H2,SOCS2A-478-RP3573-15,Impurity6,impurity,73.241,Percentage Area,%,LCMS UV Peak percentage area
H2,SOCS2A-478-RP3573-15,Impurity6,impurity,826427.0,Area Absolute,AU,LCMS UV Peak absolute area
H2,SOCS2A-478-RP3573-15,Impurity7,impurity,2.24,Retention Time,min,Time at which compound elutes
H2,SOCS2A-478-RP3573-15,Impurity7,impurity,0,ES+,Da/Q,Positive m/z
H2,SOCS2A-478-RP3573-15,Impurity7,impurity,0,ES-,Da/Q,Negative m/z
H2,SOCS2A-478-RP3573-15,Impurity7,impurity,0.201,Percentage Area,%,LCMS UV Peak percentage area
H2,SOCS2A-478-RP3573-15,Impurity7,impurity,2270.0,Area Absolute,AU,LCMS UV Peak absolute area
H2,SOCS2A-478-RP3573-15,Impurity8,impurity,2.581,Retention Time,min,Time at which compound elutes
H2,SOCS2A-478-RP3573-15,Impurity8,impurity,0,ES+,Da/Q,Positive m/z
H2,SOCS2A-478-RP3573-15,Impurity8,impurity,0,ES-,Da/Q,Negative m/z
H2,SOCS2A-478-RP3573-15,Impurity8,impurity,0.349,Percentage Area,%,LCMS UV Peak percentage area
H2,SOCS2A-478-RP3573-15,Impurity8,impurity,3940.0,Area Absolute,AU,LCMS UV Peak absolute area
